CustomerID,CustomerName,Email,Phone,City,Country
1,Charlotte Phillips,charlotte.phillips231@gmail.com,+55-754-236-3424,Glasgow,UK
2,Mark Jones,mark.jones914@yahoo.com,+43-989-499-5670,Birmingham,UK
3,Charles Nakamura,charles.nakamura484@gmail.com,+49-822-139-8006,Houston,USA
4,Joshua Watson,joshua.watson213@yahoo.com,+64-226-835-4378,Hyderabad,India
5,Pedro Watson,pedro.watson678@outlook.com,+78-280-698-5639,Monterrey,Mexico
6,Sarah Davis,sarah.davis273@gmail.com,+16-426-331-5213,Montreal,Canada
7,Andrew Kim,andrew.kim259@outlook.com,+59-619-434-9697,Marseille,France
8,Wei Carter,wei.carter782@gmail.com,+29-418-874-8471,Perth,Australia
9,David Cooper,david.cooper310@protonmail.com,+18-541-692-3642,Hamburg,Germany
10,Susan Hill,susan.hill765@gmail.com,+30-312-846-4011,Glasgow,UK
11,Jennifer Shah,jennifer.shah993@mail.com,+44-221-262-4593,Osaka,Japan
12,Maria Roberts,maria.roberts389@protonmail.com,+29-677-226-8796,Madrid,Spain
13,Camila Morris,camila.morris224@yahoo.com,+7-544-571-3397,Valencia,Spain
14,Hans Davis,hans.davis744@mail.com,+24-139-327-3993,Rio de Janeiro,Brazil
15,Lucas Harris,lucas.harris252@gmail.com,+67-270-935-9791,Houston,USA
16,Abigail Howard,abigail.howard945@mail.com,+75-325-377-3495,Paris,France
17,Donald Rogers,donald.rogers93@hotmail.com,+34-187-458-6265,Milan,Italy
18,Elsa Young,elsa.young157@hotmail.com,+76-213-737-6431,Kyoto,Japan
19,Priya Reed,priya.reed389@icloud.com,+97-469-647-8357,Birmingham,UK
20,Mason Harris,mason.harris969@outlook.com,+75-195-151-4777,Mumbai,India
21,Elizabeth Rogers,elizabeth.rogers244@gmail.com,+1-130-288-5011,Calgary,Canada
22,Miguel Wright,miguel.wright462@mail.com,+35-325-418-9257,Bangalore,India
23,Helga Kumar,helga.kumar189@outlook.com,+22-257-661-9860,Perth,Australia
24,Hans Jones,hans.jones55@mail.com,+23-744-880-4722,Seville,Spain
25,Klaus Peterson,klaus.peterson98@mail.com,+34-715-740-5752,Milan,Italy
26,Ahmed Green,ahmed.green977@yahoo.com,+7-578-227-8647,New York,USA
27,Sebastian Martin,sebastian.martin195@outlook.com,+59-647-143-6532,Milan,Italy
28,Thomas Kumar,thomas.kumar643@outlook.com,+29-662-373-3974,Cologne,Germany
29,Steven Suzuki,steven.suzuki128@icloud.com,+22-793-718-1245,Tokyo,Japan
30,David Nelson,david.nelson658@icloud.com,+70-626-594-9306,Ottawa,Canada
31,Lars Taylor,lars.taylor356@mail.com,+52-263-111-6985,Rome,Italy
32,Paul Reed,paul.reed912@icloud.com,+71-786-118-5087,Birmingham,UK
33,Yuki Anderson,yuki.anderson328@protonmail.com,+39-788-959-3191,New York,USA
34,Greta Perez,greta.perez198@protonmail.com,+74-321-464-1414,Toronto,Canada
35,Emma Torres,emma.torres732@yahoo.com,+75-616-486-8104,Osaka,Japan
36,Hans Patel,hans.patel622@yahoo.com,+5-145-616-3880,Toronto,Canada
37,Camila Nelson,camila.nelson504@yahoo.com,+96-485-130-2627,Yokohama,Japan
38,Ingrid Nelson,ingrid.nelson118@outlook.com,+34-939-288-2779,São Paulo,Brazil
39,James Young,james.young719@mail.com,+84-625-493-9936,London,UK
40,Harper Anderson,harper.anderson373@yahoo.com,+90-619-850-4484,Chennai,India
41,Ryan Allen,ryan.allen859@hotmail.com,+76-225-738-5024,Valencia,Spain
42,Hans Adams,hans.adams225@hotmail.com,+81-551-580-6912,Guadalajara,Mexico
43,Hans Collins,hans.collins713@gmail.com,+92-769-410-2212,Dubai,UAE
44,Diego Richardson,diego.richardson298@protonmail.com,+59-270-752-3655,Bangalore,India
45,Sophia Wright,sophia.wright682@protonmail.com,+6-657-716-3751,Bangalore,India
46,Miguel Thomas,miguel.thomas599@icloud.com,+40-251-337-1759,Sydney,Australia
47,Erik Sanchez,erik.sanchez680@hotmail.com,+35-111-929-3235,Ottawa,Canada
48,Sofia Phillips,sofia.phillips446@icloud.com,+55-260-856-5285,Philadelphia,USA
49,Kenji Young,kenji.young776@yahoo.com,+57-266-483-2406,Osaka,Japan
50,Andrew Roberts,andrew.roberts128@protonmail.com,+13-277-414-4995,Rio de Janeiro,Brazil
51,Mason Cooper,mason.cooper455@yahoo.com,+73-433-358-8815,Ottawa,Canada
52,Sofia Scott,sofia.scott899@gmail.com,+68-888-282-5793,Toronto,Canada
53,Michael Wright,michael.wright133@outlook.com,+23-709-418-6409,Nice,France
54,Emma Campbell,emma.campbell699@outlook.com,+2-126-359-5800,Frankfurt,Germany
55,Lars Anderson,lars.anderson455@outlook.com,+36-674-789-3273,Philadelphia,USA
56,Jack Bell,jack.bell251@gmail.com,+83-364-309-2625,Tokyo,Japan
57,Sarah Rogers,sarah.rogers554@hotmail.com,+69-996-865-9186,Frankfurt,Germany
58,Jennifer Perez,jennifer.perez871@icloud.com,+85-756-510-3851,Osaka,Japan
59,Michael Edwards,michael.edwards183@yahoo.com,+77-100-503-8754,Lyon,France
60,Thomas Campbell,thomas.campbell761@protonmail.com,+28-783-413-7905,Houston,USA
61,Mary Green,mary.green946@icloud.com,+85-558-416-3976,Naples,Italy
62,William Lee,william.lee178@icloud.com,+37-413-289-8585,Turin,Italy
63,Barbara Patel,barbara.patel837@yahoo.com,+46-590-874-1700,Seattle,USA
64,Thomas Taylor,thomas.taylor267@icloud.com,+33-864-218-2617,Seattle,USA
65,Mei Gray,mei.gray184@mail.com,+43-736-362-5876,Madrid,Spain
66,Sebastian Thompson,sebastian.thompson805@hotmail.com,+74-349-150-7820,Manchester,UK
67,Linda Sanchez,linda.sanchez514@hotmail.com,+53-727-387-9279,Seattle,USA
68,Mia Park,mia.park175@icloud.com,+91-662-150-9615,Berlin,Germany
69,Mason Morgan,mason.morgan393@mail.com,+48-650-695-8248,Turin,Italy
70,Donald Rogers,donald.rogers703@protonmail.com,+82-258-674-9777,Delhi,India
71,Jennifer Campbell,jennifer.campbell382@gmail.com,+96-885-188-2250,Tokyo,Japan
72,Hans Brooks,hans.brooks923@protonmail.com,+93-235-526-5741,Delhi,India
73,Sarah Taylor,sarah.taylor269@gmail.com,+95-249-333-6469,Amsterdam,Netherlands
74,Evelyn Reed,evelyn.reed2@protonmail.com,+26-567-798-4670,Cologne,Germany
75,Joshua Young,joshua.young492@hotmail.com,+6-166-377-3126,London,UK
76,David Thomas,david.thomas891@hotmail.com,+1-373-940-6881,Bangalore,India
77,Steven Johnson,steven.johnson110@hotmail.com,+24-772-824-8150,Abu Dhabi,UAE
78,Mary Kim,mary.kim987@gmail.com,+74-201-951-4537,Perth,Australia
79,Jennifer Patel,jennifer.patel847@yahoo.com,+4-236-211-3303,Delhi,India
80,Charles Bailey,charles.bailey766@hotmail.com,+48-981-162-5835,Seattle,USA
81,Ana Shah,ana.shah760@protonmail.com,+58-520-372-3677,Barcelona,Spain
82,Camila King,camila.king541@hotmail.com,+60-660-720-4415,Toronto,Canada
83,Andrew Cooper,andrew.cooper770@gmail.com,+50-516-238-1141,Lyon,France
84,Joseph White,joseph.white962@mail.com,+48-445-595-5063,Berlin,Germany
85,Jackson Mitchell,jackson.mitchell321@hotmail.com,+57-408-374-4493,São Paulo,Brazil
86,Jessica Ramirez,jessica.ramirez828@protonmail.com,+65-342-223-6552,Marseille,France
87,Harper Tanaka,harper.tanaka111@mail.com,+63-390-204-9128,Los Angeles,USA
88,Thomas Bailey,thomas.bailey119@gmail.com,+92-695-689-9035,Munich,Germany
89,Aiden Rogers,aiden.rogers177@gmail.com,+33-448-460-2905,Sydney,Australia
90,Mary Patel,mary.patel406@protonmail.com,+24-813-680-7279,Perth,Australia
91,Carlos Reed,carlos.reed332@yahoo.com,+65-529-311-9267,Ottawa,Canada
92,Thomas Bailey,thomas.bailey408@hotmail.com,+19-473-266-8178,Phoenix,USA
93,Greta Rogers,greta.rogers805@mail.com,+19-682-913-8364,Kyoto,Japan
94,Robert Smith,robert.smith91@icloud.com,+88-408-228-4501,New York,USA
95,Amelia Young,amelia.young346@hotmail.com,+3-502-141-1474,Kyoto,Japan
96,Kenji Scott,kenji.scott107@yahoo.com,+18-568-297-2621,Seattle,USA
97,Elizabeth Patel,elizabeth.patel693@hotmail.com,+50-811-826-6409,Dubai,UAE
98,Evelyn Phillips,evelyn.phillips714@yahoo.com,+5-411-819-6019,Singapore,Singapore
99,Karen Perez,karen.perez852@gmail.com,+68-543-904-8692,Valencia,Spain
100,Owen Roberts,owen.roberts881@outlook.com,+26-327-281-7816,Singapore,Singapore
101,Sebastian Wright,sebastian.wright924@gmail.com,+24-550-651-7898,Ottawa,Canada
102,Sofia Jackson,sofia.jackson407@yahoo.com,+38-418-369-3061,San Diego,USA
103,Diego Young,diego.young776@mail.com,+43-527-857-4839,Seville,Spain
104,Ryan Johnson,ryan.johnson603@protonmail.com,+92-951-296-2550,Chicago,USA
105,Ethan Suzuki,ethan.suzuki706@icloud.com,+73-906-530-4279,Marseille,France
106,Miguel Peterson,miguel.peterson988@mail.com,+96-571-994-8482,Delhi,India
107,Joshua Garcia,joshua.garcia55@icloud.com,+36-440-921-2369,Yokohama,Japan
108,Carlos Baker,carlos.baker809@yahoo.com,+54-410-831-2626,Marseille,France
109,Kenji Phillips,kenji.phillips435@yahoo.com,+93-615-162-7368,Manchester,UK
110,Raj Stewart,raj.stewart364@protonmail.com,+64-448-905-5650,Seville,Spain
111,Mohammed Mitchell,mohammed.mitchell490@icloud.com,+42-316-304-6944,Yokohama,Japan
112,Sarah Suzuki,sarah.suzuki149@gmail.com,+86-225-816-9693,Mumbai,India
113,Aiden Anderson,aiden.anderson761@protonmail.com,+91-551-129-3130,Dubai,UAE
114,Charlotte Kim,charlotte.kim244@mail.com,+55-904-977-3130,Phoenix,USA
115,Diego Carter,diego.carter321@hotmail.com,+57-151-141-7897,Brisbane,Australia
116,Priya Collins,priya.collins627@icloud.com,+46-883-852-2501,Brisbane,Australia
117,Yuki Ward,yuki.ward579@gmail.com,+33-296-279-8101,San Diego,USA
118,Patricia Miller,patricia.miller786@yahoo.com,+8-336-269-4771,Monterrey,Mexico
119,Joseph Murphy,joseph.murphy226@gmail.com,+98-130-492-1372,Manchester,UK
120,Kenji Kumar,kenji.kumar87@mail.com,+58-871-125-7503,Tokyo,Japan
121,Olivia Nakamura,olivia.nakamura561@icloud.com,+67-963-350-4342,Leeds,UK
122,Lars Morris,lars.morris124@icloud.com,+10-546-817-1436,Marseille,France
123,Mia Jones,mia.jones731@protonmail.com,+28-925-363-6384,Chennai,India
124,Franz Yamamoto,franz.yamamoto711@gmail.com,+71-856-996-9309,Mexico City,Mexico
125,Jackson Carter,jackson.carter554@outlook.com,+73-813-837-1166,Bangalore,India
126,Amelia Cooper,amelia.cooper850@hotmail.com,+75-877-943-9176,Leeds,UK
127,David Edwards,david.edwards672@outlook.com,+87-969-348-6099,Rio de Janeiro,Brazil
128,Carlos Jones,carlos.jones854@outlook.com,+93-870-495-4075,Guadalajara,Mexico
129,Ryan Cook,ryan.cook504@gmail.com,+6-711-934-6227,Valencia,Spain
130,Steven Suzuki,steven.suzuki2@mail.com,+24-242-164-1078,Amsterdam,Netherlands
131,Wei Cooper,wei.cooper138@gmail.com,+77-444-468-4241,Glasgow,UK
132,Erik Edwards,erik.edwards181@icloud.com,+24-105-388-5902,Brasilia,Brazil
133,Valentina Miller,valentina.miller836@hotmail.com,+70-667-170-8587,Kyoto,Japan
134,Harper Green,harper.green343@mail.com,+6-165-577-7474,Hyderabad,India
135,Lena Bailey,lena.bailey681@outlook.com,+79-869-799-3208,Manchester,UK
136,Yuki Perez,yuki.perez367@yahoo.com,+1-402-626-4591,Munich,Germany
137,Joseph Garcia,joseph.garcia150@icloud.com,+22-986-576-2619,Munich,Germany
138,Abigail Rivera,abigail.rivera479@gmail.com,+43-476-921-8056,Philadelphia,USA
139,Paul Sanchez,paul.sanchez15@mail.com,+14-923-286-9325,Milan,Italy
140,David Cooper,david.cooper950@mail.com,+79-187-959-2777,New York,USA
141,David Patel,david.patel615@outlook.com,+42-667-639-9302,Frankfurt,Germany
142,Kenji Kumar,kenji.kumar466@yahoo.com,+76-141-981-1131,Sydney,Australia
143,Jackson Allen,jackson.allen46@mail.com,+87-478-835-4655,San Diego,USA
144,Miguel Kumar,miguel.kumar690@gmail.com,+92-231-971-6212,Naples,Italy
145,Ryan Torres,ryan.torres682@gmail.com,+96-480-558-9937,Brisbane,Australia
146,Emma Cook,emma.cook355@mail.com,+81-942-745-3504,Naples,Italy
147,Evelyn Scott,evelyn.scott18@protonmail.com,+95-426-821-1943,Munich,Germany
148,Aiden Ramirez,aiden.ramirez789@gmail.com,+91-287-168-2169,Calgary,Canada
149,Nina Allen,nina.allen305@mail.com,+68-840-824-6338,Bangalore,India
150,Harper Davis,harper.davis631@gmail.com,+68-931-973-2830,Dallas,USA
151,Patricia Murphy,patricia.murphy571@gmail.com,+71-908-532-6178,Munich,Germany
152,Donald Scott,donald.scott29@mail.com,+1-393-847-3029,Cologne,Germany
153,Harper Edwards,harper.edwards641@hotmail.com,+46-967-880-4039,Berlin,Germany
154,Robert Davis,robert.davis535@mail.com,+34-922-612-9911,Kyoto,Japan
155,Jessica Murphy,jessica.murphy81@gmail.com,+8-295-728-5575,Barcelona,Spain
156,Mia Wright,mia.wright779@icloud.com,+96-399-888-2367,Abu Dhabi,UAE
157,Klaus Evans,klaus.evans421@gmail.com,+57-888-183-3708,Berlin,Germany
158,Lars Peterson,lars.peterson712@hotmail.com,+54-336-982-2465,Guadalajara,Mexico
159,Diego King,diego.king172@protonmail.com,+57-820-609-9145,Toronto,Canada
160,Mark Kim,mark.kim695@gmail.com,+37-121-887-5162,Cologne,Germany
161,John Phillips,john.phillips53@yahoo.com,+14-858-282-8820,Munich,Germany
162,Thomas Carter,thomas.carter411@icloud.com,+10-518-975-6749,Turin,Italy
163,Sarah Cox,sarah.cox654@gmail.com,+47-822-840-3356,Brisbane,Australia
164,Logan Hill,logan.hill281@protonmail.com,+96-530-294-3454,Hyderabad,India
165,William Suzuki,william.suzuki141@hotmail.com,+27-186-999-1549,Calgary,Canada
166,John Jones,john.jones128@mail.com,+80-367-569-9706,Tokyo,Japan
167,Maria Miller,maria.miller224@gmail.com,+70-276-965-9027,Manchester,UK
168,Jessica Peterson,jessica.peterson361@outlook.com,+84-917-557-2808,Frankfurt,Germany
169,Lucas Smith,lucas.smith864@mail.com,+64-920-892-8864,Paris,France
170,Anthony Johnson,anthony.johnson728@gmail.com,+54-435-616-5426,Toulouse,France
171,Valentina Stewart,valentina.stewart963@outlook.com,+44-681-952-9037,Dallas,USA
172,Juan Torres,juan.torres898@icloud.com,+88-725-137-4192,Dallas,USA
173,Helga Brown,helga.brown580@outlook.com,+31-175-244-7510,Brasilia,Brazil
174,Diego Evans,diego.evans677@protonmail.com,+86-410-766-3166,San Diego,USA
175,James Garcia,james.garcia897@hotmail.com,+23-841-838-8820,San Diego,USA
176,Daniel Nakamura,daniel.nakamura836@hotmail.com,+1-968-410-6057,Osaka,Japan
177,Jackson Collins,jackson.collins406@icloud.com,+48-585-902-2334,Naples,Italy
178,Mark Baker,mark.baker261@yahoo.com,+94-940-129-7211,Glasgow,UK
179,John Smith,john.smith451@yahoo.com,+43-458-680-2102,Osaka,Japan
180,Lars Green,lars.green592@mail.com,+41-486-418-2563,Dubai,UAE
181,Helga Watson,helga.watson808@mail.com,+31-220-122-9752,Perth,Australia
182,Mark Jones,mark.jones324@yahoo.com,+24-758-133-6361,Brisbane,Australia
183,Harper Suzuki,harper.suzuki734@protonmail.com,+71-416-556-9190,San Diego,USA
184,Priya Adams,priya.adams170@outlook.com,+76-561-528-1403,Madrid,Spain
185,Owen Cooper,owen.cooper175@hotmail.com,+50-881-258-5769,London,UK
186,Owen Hill,owen.hill230@yahoo.com,+31-342-629-8510,Toronto,Canada
187,Ingrid Williams,ingrid.williams316@protonmail.com,+27-453-603-3427,Birmingham,UK
188,Carlos Allen,carlos.allen829@outlook.com,+92-654-578-7206,San Diego,USA
189,Mark Harris,mark.harris499@yahoo.com,+17-287-947-6061,Amsterdam,Netherlands
190,Karen Carter,karen.carter517@outlook.com,+18-404-431-7980,Valencia,Spain
191,Kenji Phillips,kenji.phillips693@yahoo.com,+26-602-132-9339,Berlin,Germany
192,William Parker,william.parker148@protonmail.com,+74-797-302-3991,Philadelphia,USA
193,Lucas Morgan,lucas.morgan382@icloud.com,+45-380-986-1673,Dallas,USA
194,Ethan Nakamura,ethan.nakamura422@icloud.com,+22-470-693-9570,Melbourne,Australia
195,Ahmed Anderson,ahmed.anderson280@hotmail.com,+85-138-887-8245,Sydney,Australia
196,Wei Yamamoto,wei.yamamoto330@outlook.com,+55-577-917-5339,Manchester,UK
197,Franz Kumar,franz.kumar963@icloud.com,+4-412-255-3073,Paris,France
198,Charlotte Smith,charlotte.smith659@yahoo.com,+59-141-101-1473,Seville,Spain
199,Lena Carter,lena.carter997@hotmail.com,+24-702-958-1785,Abu Dhabi,UAE
200,Mei Collins,mei.collins353@mail.com,+78-818-752-7345,Leeds,UK
201,Elizabeth Cook,elizabeth.cook116@mail.com,+23-968-526-9249,Chicago,USA
202,Karen Morris,karen.morris151@hotmail.com,+98-375-394-6964,Rome,Italy
203,Patricia Howard,patricia.howard470@gmail.com,+81-574-688-6841,Seattle,USA
204,Lucas Torres,lucas.torres985@protonmail.com,+56-657-358-7146,Ottawa,Canada
205,Ana Mitchell,ana.mitchell19@icloud.com,+11-580-740-2147,Paris,France
206,Richard Adams,richard.adams665@hotmail.com,+66-516-984-4761,Chennai,India
207,Pedro Sanchez,pedro.sanchez523@protonmail.com,+35-141-710-9940,Sydney,Australia
208,Sebastian Shah,sebastian.shah742@protonmail.com,+5-877-609-6537,Lyon,France
209,Matthew Phillips,matthew.phillips210@gmail.com,+33-939-452-8121,Rome,Italy
210,Matthew Green,matthew.green611@protonmail.com,+91-797-182-1682,Naples,Italy
211,Wei Patel,wei.patel250@icloud.com,+43-805-487-6547,Hyderabad,India
212,Michael Richardson,michael.richardson478@mail.com,+15-962-858-6358,Berlin,Germany
213,Ana Jackson,ana.jackson638@icloud.com,+43-575-195-6217,Vancouver,Canada
214,Anthony Watson,anthony.watson914@hotmail.com,+36-443-221-8412,Dallas,USA
215,Steven Kumar,steven.kumar23@icloud.com,+77-966-648-4139,Leeds,UK
216,Emily Taylor,emily.taylor416@hotmail.com,+40-959-423-1347,Brasilia,Brazil
217,Hans Wilson,hans.wilson305@outlook.com,+12-809-115-2359,Yokohama,Japan
218,Greta Mitchell,greta.mitchell797@protonmail.com,+10-644-214-7743,Vancouver,Canada
219,Charles Wilson,charles.wilson897@outlook.com,+27-543-514-9956,São Paulo,Brazil
220,John Cook,john.cook324@hotmail.com,+13-534-630-9565,San Diego,USA
221,Richard Torres,richard.torres640@outlook.com,+78-358-668-5315,Nice,France
222,Ryan Morgan,ryan.morgan826@outlook.com,+73-372-116-4160,Bangalore,India
223,Carlos Bailey,carlos.bailey287@gmail.com,+87-172-770-9426,Seville,Spain
224,Lena Martin,lena.martin963@gmail.com,+9-376-937-7591,Monterrey,Mexico
225,Joshua Richardson,joshua.richardson637@gmail.com,+90-255-516-1256,Glasgow,UK
226,Charles Campbell,charles.campbell364@outlook.com,+44-987-233-8177,San Antonio,USA
227,Mohammed Johnson,mohammed.johnson54@outlook.com,+98-794-837-1190,Bangalore,India
228,David Torres,david.torres542@icloud.com,+12-125-152-8602,Los Angeles,USA
229,Fatima Shah,fatima.shah169@outlook.com,+15-201-569-6634,Seattle,USA
230,Owen Morgan,owen.morgan710@outlook.com,+39-224-706-6825,Cologne,Germany
231,Carlos Ward,carlos.ward622@hotmail.com,+9-331-508-5917,San Antonio,USA
232,Aiden Ward,aiden.ward976@mail.com,+34-890-966-9756,Sydney,Australia
233,Owen Ramirez,owen.ramirez398@hotmail.com,+10-565-759-2718,Hamburg,Germany
234,Charlotte Taylor,charlotte.taylor877@mail.com,+42-760-344-4634,Rome,Italy
235,Anthony Smith,anthony.smith66@hotmail.com,+85-923-423-3488,Seville,Spain
236,Greta Taylor,greta.taylor302@mail.com,+42-580-997-7106,Manchester,UK
237,Thomas Garcia,thomas.garcia246@hotmail.com,+94-461-729-6753,Chennai,India
238,Valentina Lee,valentina.lee145@mail.com,+64-530-944-6720,Los Angeles,USA
239,Ana Brooks,ana.brooks609@protonmail.com,+47-653-154-3992,San Antonio,USA
240,Mohammed Hill,mohammed.hill827@yahoo.com,+22-578-133-9801,San Antonio,USA
241,Richard Thomas,richard.thomas8@gmail.com,+76-626-118-6357,Melbourne,Australia
242,Anthony Tanaka,anthony.tanaka636@yahoo.com,+14-637-859-2914,Guadalajara,Mexico
243,Hans Roberts,hans.roberts646@protonmail.com,+92-481-970-4782,Barcelona,Spain
244,Kenji Kim,kenji.kim774@outlook.com,+83-978-254-7835,Singapore,Singapore
245,Miguel Morris,miguel.morris531@outlook.com,+48-146-345-2232,Amsterdam,Netherlands
246,Owen Stewart,owen.stewart25@mail.com,+12-991-544-1404,Tokyo,Japan
247,Priya Davis,priya.davis221@gmail.com,+60-908-145-4835,São Paulo,Brazil
248,Jackson Parker,jackson.parker268@icloud.com,+43-291-979-1258,Kyoto,Japan
249,Ryan Smith,ryan.smith372@icloud.com,+52-962-697-6198,Philadelphia,USA
250,Ingrid Nelson,ingrid.nelson53@yahoo.com,+14-306-716-9865,Toronto,Canada
